time,git_hash,Eager Runtime (ms),Compilation Time (ms),Script Runtime (ms),10th Script Runtime (ms)
2019-09-18 16:54:12,976cefdb41db16a5105a36af8ba603b4ce6c04e0,706.70211,3254.084992,5411.712089,610.0728469999999
